filename,time
/Users/wzj/Desktop/code/notes/blog/source/_posts/tools/去除快捷方式小箭头.md,1523999822.319541
/Users/wzj/Desktop/code/notes/blog/source/_posts/tools/批量处理doc文件.md,1523999822.319562
/Users/wzj/Desktop/code/notes/blog/source/_posts/tools/git.md,1523999822.319569
/Users/wzj/Desktop/code/notes/blog/source/_posts/python/函数.md,1523999822.319576
/Users/wzj/Desktop/code/notes/blog/source/_posts/python/基础汇总.md,1523999822.319583
/Users/wzj/Desktop/code/notes/blog/source/_posts/python/threading.md,1523999822.319588
/Users/wzj/Desktop/code/notes/blog/source/_posts/python/attribute.md,1523999822.319593
/Users/wzj/Desktop/code/notes/blog/source/_posts/python/生成器.md,1523999822.319599
/Users/wzj/Desktop/code/notes/blog/source/_posts/python/time.md,1523999822.319604
/Users/wzj/Desktop/code/notes/blog/source/_posts/python/import.md,1523999822.319609
/Users/wzj/Desktop/code/notes/blog/source/_posts/python/Queue.md,1523999822.319614
/Users/wzj/Desktop/code/notes/blog/source/_posts/python/数据结构-py.md,1523999822.31962
/Users/wzj/Desktop/code/notes/blog/source/_posts/agls/binary_search.md,1523999822.319626
/Users/wzj/Desktop/code/notes/blog/source/_posts/agls/sort.md,1523999822.319632
/Users/wzj/Desktop/code/notes/blog/source/_posts/agls/linkedlist.md,1523999822.319637
